"No.","Protocol","Length","Time","Source","Info","Destination"
"1","UDP","82","0.000000000","127.0.0.1","48642  >  43003 Len=40","127.0.0.1"
"2","UDP","54","0.000021995","127.0.0.1","43003  >  48642 Len=12","127.0.0.1"
"3","UDP","1042","0.000048735","127.0.0.1","34089  >  42003 Len=1000","127.0.0.1"
"4","UDP","1042","0.000068675","127.0.0.1","42003  >  34089 Len=1000","127.0.0.1"
"5","UDP","1042","0.000089991","127.0.0.1","57602  >  44003 Len=1000","127.0.0.1"
"6","UDP","1042","0.000106022","127.0.0.1","44003  >  57602 Len=1000","127.0.0.1"
"7","UDP","82","0.000125618","127.0.0.1","41541  >  43003 Len=40","127.0.0.1"
"8","UDP","54","0.000133582","127.0.0.1","43003  >  41541 Len=12","127.0.0.1"
"9","UDP","1042","0.000149453","127.0.0.1","34143  >  42003 Len=1000","127.0.0.1"
"10","UDP","1042","0.000162004","127.0.0.1","42003  >  34143 Len=1000","127.0.0.1"
"11","UDP","1042","0.000178900","127.0.0.1","54545  >  44003 Len=1000","127.0.0.1"
"12","UDP","1042","0.000190058","127.0.0.1","44003  >  54545 Len=1000","127.0.0.1"
"13","UDP","82","0.000206503","127.0.0.1","35354  >  43003 Len=40","127.0.0.1"
"14","UDP","54","0.000213505","127.0.0.1","43003  >  35354 Len=12","127.0.0.1"
"15","UDP","1042","0.000229287","127.0.0.1","34859  >  42003 Len=1000","127.0.0.1"
"16","UDP","1042","0.000238756","127.0.0.1","42003  >  34859 Len=1000","127.0.0.1"
"17","UDP","1042","0.000254904","127.0.0.1","34953  >  44003 Len=1000","127.0.0.1"
"18","UDP","1042","0.000261868","127.0.0.1","44003  >  34953 Len=1000","127.0.0.1"
"19","UDP","82","0.000277627","127.0.0.1","55042  >  43003 Len=40","127.0.0.1"
"20","UDP","54","0.000284260","127.0.0.1","43003  >  55042 Len=12","127.0.0.1"
"21","UDP","1042","0.000300201","127.0.0.1","39552  >  42003 Len=1000","127.0.0.1"
"22","UDP","1042","0.000310027","127.0.0.1","42003  >  39552 Len=1000","127.0.0.1"
"23","UDP","1042","0.000326377","127.0.0.1","39896  >  44003 Len=1000","127.0.0.1"
"24","UDP","1042","0.000333142","127.0.0.1","44003  >  39896 Len=1000","127.0.0.1"
"25","UDP","82","2.507667625","127.0.0.1","40492  >  43003 Len=40","127.0.0.1"
"26","UDP","54","2.507732405","127.0.0.1","43003  >  40492 Len=12","127.0.0.1"
"27","UDP","1042","2.507809841","127.0.0.1","44837  >  42003 Len=1000","127.0.0.1"
"28","UDP","1042","2.507879183","127.0.0.1","42003  >  44837 Len=1000","127.0.0.1"
"29","UDP","1042","2.507945920","127.0.0.1","36603  >  44003 Len=1000","127.0.0.1"
"30","UDP","1042","2.508000220","127.0.0.1","44003  >  36603 Len=1000","127.0.0.1"
"31","UDP","82","2.508067583","127.0.0.1","34045  >  43003 Len=40","127.0.0.1"
"32","UDP","54","2.508093244","127.0.0.1","43003  >  34045 Len=12","127.0.0.1"
"33","UDP","1042","2.508147270","127.0.0.1","56682  >  42003 Len=1000","127.0.0.1"
"34","UDP","1042","2.508175606","127.0.0.1","42003  >  56682 Len=1000","127.0.0.1"
"35","UDP","1042","2.508227903","127.0.0.1","38539  >  44003 Len=1000","127.0.0.1"
"36","UDP","1042","2.508254877","127.0.0.1","44003  >  38539 Len=1000","127.0.0.1"
"37","UDP","82","2.508305855","127.0.0.1","46667  >  43003 Len=40","127.0.0.1"
"38","UDP","54","2.508327637","127.0.0.1","43003  >  46667 Len=12","127.0.0.1"
"39","UDP","1042","2.508378051","127.0.0.1","47033  >  42003 Len=1000","127.0.0.1"
"40","UDP","1042","2.508410601","127.0.0.1","42003  >  47033 Len=1000","127.0.0.1"
"41","UDP","1042","2.508462327","127.0.0.1","55369  >  44003 Len=1000","127.0.0.1"
"42","UDP","1042","2.508499707","127.0.0.1","44003  >  55369 Len=1000","127.0.0.1"
"43","UDP","82","2.508550899","127.0.0.1","37236  >  43003 Len=40","127.0.0.1"
"44","UDP","54","2.508571291","127.0.0.1","43003  >  37236 Len=12","127.0.0.1"
"45","UDP","1042","2.508622278","127.0.0.1","37130  >  42003 Len=1000","127.0.0.1"
"46","UDP","1042","2.508644037","127.0.0.1","42003  >  37130 Len=1000","127.0.0.1"
"47","UDP","1042","2.508702009","127.0.0.1","44875  >  44003 Len=1000","127.0.0.1"
"48","UDP","1042","2.508725855","127.0.0.1","44003  >  44875 Len=1000","127.0.0.1"
"49","UDP","82","3.010324643","127.0.0.1","44960  >  43003 Len=40","127.0.0.1"
"50","UDP","54","3.010354822","127.0.0.1","43003  >  44960 Len=12","127.0.0.1"
"51","UDP","1042","3.010380584","127.0.0.1","36915  >  42003 Len=1000","127.0.0.1"
"52","UDP","1042","3.010403551","127.0.0.1","42003  >  36915 Len=1000","127.0.0.1"
"53","UDP","1042","3.010425539","127.0.0.1","37626  >  44003 Len=1000","127.0.0.1"
"54","UDP","1042","3.010444727","127.0.0.1","44003  >  37626 Len=1000","127.0.0.1"
"55","UDP","82","3.010465695","127.0.0.1","56416  >  43003 Len=40","127.0.0.1"
"56","UDP","54","3.010474845","127.0.0.1","43003  >  56416 Len=12","127.0.0.1"
"57","UDP","1042","3.010503695","127.0.0.1","59237  >  42003 Len=1000","127.0.0.1"
"58","UDP","1042","3.010512873","127.0.0.1","42003  >  59237 Len=1000","127.0.0.1"
"59","UDP","1042","3.010529937","127.0.0.1","35262  >  44003 Len=1000","127.0.0.1"
"60","UDP","1042","3.010537938","127.0.0.1","44003  >  35262 Len=1000","127.0.0.1"
"61","UDP","82","3.010555068","127.0.0.1","44419  >  43003 Len=40","127.0.0.1"
"62","UDP","54","3.010562833","127.0.0.1","43003  >  44419 Len=12","127.0.0.1"
"63","UDP","1042","3.010579693","127.0.0.1","60171  >  42003 Len=1000","127.0.0.1"
"64","UDP","1042","3.010594635","127.0.0.1","42003  >  60171 Len=1000","127.0.0.1"
"65","UDP","1042","3.010612338","127.0.0.1","51895  >  44003 Len=1000","127.0.0.1"
"66","UDP","1042","3.010623288","127.0.0.1","44003  >  51895 Len=1000","127.0.0.1"
"67","UDP","82","3.010640893","127.0.0.1","57220  >  43003 Len=40","127.0.0.1"
"68","UDP","54","3.010649347","127.0.0.1","43003  >  57220 Len=12","127.0.0.1"
"69","UDP","1042","3.010669726","127.0.0.1","52338  >  42003 Len=1000","127.0.0.1"
"70","UDP","1042","3.010677785","127.0.0.1","42003  >  52338 Len=1000","127.0.0.1"
"71","UDP","1042","3.010696073","127.0.0.1","55880  >  44003 Len=1000","127.0.0.1"
"72","UDP","1042","3.010716655","127.0.0.1","44003  >  55880 Len=1000","127.0.0.1"
"73","UDP","82","5.017399159","127.0.0.1","48853  >  43003 Len=40","127.0.0.1"
"74","UDP","54","5.017470021","127.0.0.1","43003  >  48853 Len=12","127.0.0.1"
"75","UDP","1042","5.017578246","127.0.0.1","41909  >  42003 Len=1000","127.0.0.1"
"76","UDP","1042","5.017637988","127.0.0.1","42003  >  41909 Len=1000","127.0.0.1"
"77","UDP","1042","5.017730479","127.0.0.1","52497  >  44003 Len=1000","127.0.0.1"
"78","UDP","1042","5.017786238","127.0.0.1","44003  >  52497 Len=1000","127.0.0.1"
"79","UDP","82","5.017863822","127.0.0.1","55630  >  43003 Len=40","127.0.0.1"
"80","UDP","54","5.017890861","127.0.0.1","43003  >  55630 Len=12","127.0.0.1"
"81","UDP","1042","5.017957175","127.0.0.1","33797  >  42003 Len=1000","127.0.0.1"
"82","UDP","1042","5.017985340","127.0.0.1","42003  >  33797 Len=1000","127.0.0.1"
"83","UDP","1042","5.018051736","127.0.0.1","43006  >  44003 Len=1000","127.0.0.1"
"84","UDP","1042","5.018077625","127.0.0.1","44003  >  43006 Len=1000","127.0.0.1"
"85","UDP","82","5.018146410","127.0.0.1","35564  >  43003 Len=40","127.0.0.1"
"86","UDP","54","5.018171361","127.0.0.1","43003  >  35564 Len=12","127.0.0.1"
"87","UDP","1042","5.018237970","127.0.0.1","47201  >  42003 Len=1000","127.0.0.1"
"88","UDP","1042","5.018272367","127.0.0.1","42003  >  47201 Len=1000","127.0.0.1"
"89","UDP","1042","5.018341077","127.0.0.1","49224  >  44003 Len=1000","127.0.0.1"
"90","UDP","1042","5.018374868","127.0.0.1","44003  >  49224 Len=1000","127.0.0.1"
"91","UDP","82","5.018445651","127.0.0.1","56699  >  43003 Len=40","127.0.0.1"
"92","UDP","54","5.018469455","127.0.0.1","43003  >  56699 Len=12","127.0.0.1"
"93","UDP","1042","5.018539614","127.0.0.1","59183  >  42003 Len=1000","127.0.0.1"
"94","UDP","1042","5.018564443","127.0.0.1","42003  >  59183 Len=1000","127.0.0.1"
"95","UDP","1042","5.018631693","127.0.0.1","56460  >  44003 Len=1000","127.0.0.1"
"96","UDP","1042","5.018656171","127.0.0.1","44003  >  56460 Len=1000","127.0.0.1"
"97","UDP","82","5.520265288","127.0.0.1","36437  >  43003 Len=40","127.0.0.1"
"98","UDP","54","5.520325062","127.0.0.1","43003  >  36437 Len=12","127.0.0.1"
"99","UDP","1042","5.520392165","127.0.0.1","45565  >  42003 Len=1000","127.0.0.1"
"100","UDP","1042","5.520439674","127.0.0.1","42003  >  45565 Len=1000","127.0.0.1"
"101","UDP","1042","5.520494448","127.0.0.1","56632  >  44003 Len=1000","127.0.0.1"
"102","UDP","1042","5.520541732","127.0.0.1","44003  >  56632 Len=1000","127.0.0.1"
"103","UDP","82","5.520595065","127.0.0.1","50978  >  43003 Len=40","127.0.0.1"
"104","UDP","54","5.520617053","127.0.0.1","43003  >  50978 Len=12","127.0.0.1"
"105","UDP","1042","5.520663050","127.0.0.1","59469  >  42003 Len=1000","127.0.0.1"
"106","UDP","1042","5.520684480","127.0.0.1","42003  >  59469 Len=1000","127.0.0.1"
"107","UDP","1042","5.520730718","127.0.0.1","59212  >  44003 Len=1000","127.0.0.1"
"108","UDP","1042","5.520752534","127.0.0.1","44003  >  59212 Len=1000","127.0.0.1"
"109","UDP","82","5.520797512","127.0.0.1","60817  >  43003 Len=40","127.0.0.1"
"110","UDP","54","5.520818898","127.0.0.1","43003  >  60817 Len=12","127.0.0.1"
"111","UDP","1042","5.520863907","127.0.0.1","59623  >  42003 Len=1000","127.0.0.1"
"112","UDP","1042","5.520891451","127.0.0.1","42003  >  59623 Len=1000","127.0.0.1"
"113","UDP","1042","5.520937569","127.0.0.1","48521  >  44003 Len=1000","127.0.0.1"
"114","UDP","1042","5.520964518","127.0.0.1","44003  >  48521 Len=1000","127.0.0.1"
"115","UDP","82","5.521007716","127.0.0.1","51749  >  43003 Len=40","127.0.0.1"
"116","UDP","54","5.521026400","127.0.0.1","43003  >  51749 Len=12","127.0.0.1"
"117","UDP","1042","5.521071523","127.0.0.1","53060  >  42003 Len=1000","127.0.0.1"
"118","UDP","1042","5.521090901","127.0.0.1","42003  >  53060 Len=1000","127.0.0.1"
"119","UDP","1042","5.521137395","127.0.0.1","34203  >  44003 Len=1000","127.0.0.1"
"120","UDP","1042","5.521158071","127.0.0.1","44003  >  34203 Len=1000","127.0.0.1"
"121","UDP","82","6.022633439","127.0.0.1","39450  >  43003 Len=40","127.0.0.1"
"122","UDP","54","6.022689790","127.0.0.1","43003  >  39450 Len=12","127.0.0.1"
"123","UDP","1042","6.022757072","127.0.0.1","45130  >  42003 Len=1000","127.0.0.1"
"124","UDP","1042","6.022804606","127.0.0.1","42003  >  45130 Len=1000","127.0.0.1"
"125","UDP","1042","6.022859366","127.0.0.1","40405  >  44003 Len=1000","127.0.0.1"
"126","UDP","1042","6.022902820","127.0.0.1","44003  >  40405 Len=1000","127.0.0.1"
"127","UDP","82","6.022955909","127.0.0.1","39916  >  43003 Len=40","127.0.0.1"
"128","UDP","54","6.022980686","127.0.0.1","43003  >  39916 Len=12","127.0.0.1"
"129","UDP","1042","6.023026392","127.0.0.1","57594  >  42003 Len=1000","127.0.0.1"
"130","UDP","1042","6.023047608","127.0.0.1","42003  >  57594 Len=1000","127.0.0.1"
"131","UDP","1042","6.023092777","127.0.0.1","59067  >  44003 Len=1000","127.0.0.1"
"132","UDP","1042","6.023114301","127.0.0.1","44003  >  59067 Len=1000","127.0.0.1"
"133","UDP","82","6.023199315","127.0.0.1","35918  >  43003 Len=40","127.0.0.1"
"134","UDP","54","6.023223019","127.0.0.1","43003  >  35918 Len=12","127.0.0.1"
"135","UDP","1042","6.023273648","127.0.0.1","45225  >  42003 Len=1000","127.0.0.1"
"136","UDP","1042","6.023308006","127.0.0.1","42003  >  45225 Len=1000","127.0.0.1"
"137","UDP","1042","6.023355667","127.0.0.1","54513  >  44003 Len=1000","127.0.0.1"
"138","UDP","1042","6.023386588","127.0.0.1","44003  >  54513 Len=1000","127.0.0.1"
"139","UDP","82","6.023433775","127.0.0.1","40134  >  43003 Len=40","127.0.0.1"
"140","UDP","54","6.023453956","127.0.0.1","43003  >  40134 Len=12","127.0.0.1"
"141","UDP","1042","6.023500444","127.0.0.1","36206  >  42003 Len=1000","127.0.0.1"
"142","UDP","1042","6.023521814","127.0.0.1","42003  >  36206 Len=1000","127.0.0.1"
"143","UDP","1042","6.023567440","127.0.0.1","44303  >  44003 Len=1000","127.0.0.1"
"144","UDP","1042","6.023587023","127.0.0.1","44003  >  44303 Len=1000","127.0.0.1"
"145","UDP","82","7.528245206","127.0.0.1","55253  >  43003 Len=40","127.0.0.1"
"146","UDP","54","7.528291943","127.0.0.1","43003  >  55253 Len=12","127.0.0.1"
"147","UDP","1042","7.528355466","127.0.0.1","60339  >  42003 Len=1000","127.0.0.1"
"148","UDP","1042","7.528408348","127.0.0.1","42003  >  60339 Len=1000","127.0.0.1"
"149","UDP","1042","7.528471189","127.0.0.1","33247  >  44003 Len=1000","127.0.0.1"
"150","UDP","1042","7.528515122","127.0.0.1","44003  >  33247 Len=1000","127.0.0.1"
"151","UDP","82","7.528572016","127.0.0.1","57959  >  43003 Len=40","127.0.0.1"
"152","UDP","54","7.528596257","127.0.0.1","43003  >  57959 Len=12","127.0.0.1"
"153","UDP","1042","7.528645600","127.0.0.1","46792  >  42003 Len=1000","127.0.0.1"
"154","UDP","1042","7.528668327","127.0.0.1","42003  >  46792 Len=1000","127.0.0.1"
"155","UDP","1042","7.528717448","127.0.0.1","52411  >  44003 Len=1000","127.0.0.1"
"156","UDP","1042","7.528740047","127.0.0.1","44003  >  52411 Len=1000","127.0.0.1"
"157","UDP","82","7.528790985","127.0.0.1","53556  >  43003 Len=40","127.0.0.1"
"158","UDP","54","7.528813686","127.0.0.1","43003  >  53556 Len=12","127.0.0.1"
"159","UDP","1042","7.528860972","127.0.0.1","57465  >  42003 Len=1000","127.0.0.1"
"160","UDP","1042","7.528891051","127.0.0.1","42003  >  57465 Len=1000","127.0.0.1"
"161","UDP","1042","7.528941739","127.0.0.1","43189  >  44003 Len=1000","127.0.0.1"
"162","UDP","1042","7.528971562","127.0.0.1","44003  >  43189 Len=1000","127.0.0.1"
"163","UDP","82","8.030448471","127.0.0.1","45133  >  43003 Len=40","127.0.0.1"
"164","UDP","54","8.030465675","127.0.0.1","43003  >  45133 Len=12","127.0.0.1"
"165","UDP","1042","8.030484777","127.0.0.1","45128  >  42003 Len=1000","127.0.0.1"
"166","UDP","1042","8.030502012","127.0.0.1","42003  >  45128 Len=1000","127.0.0.1"
"167","UDP","1042","8.030519097","127.0.0.1","53175  >  44003 Len=1000","127.0.0.1"
"168","UDP","1042","8.030537330","127.0.0.1","44003  >  53175 Len=1000","127.0.0.1"
"169","UDP","82","8.030555186","127.0.0.1","56693  >  43003 Len=40","127.0.0.1"
"170","UDP","54","8.030562148","127.0.0.1","43003  >  56693 Len=12","127.0.0.1"
"171","UDP","1042","8.030577152","127.0.0.1","47139  >  42003 Len=1000","127.0.0.1"
"172","UDP","1042","8.030584070","127.0.0.1","42003  >  47139 Len=1000","127.0.0.1"
"173","UDP","1042","8.030597817","127.0.0.1","52478  >  44003 Len=1000","127.0.0.1"
"174","UDP","1042","8.030609541","127.0.0.1","44003  >  52478 Len=1000","127.0.0.1"
"175","UDP","82","8.030625230","127.0.0.1","36898  >  43003 Len=40","127.0.0.1"
"176","UDP","54","8.030631758","127.0.0.1","43003  >  36898 Len=12","127.0.0.1"
"177","UDP","1042","8.030646301","127.0.0.1","59911  >  42003 Len=1000","127.0.0.1"
"178","UDP","1042","8.030652483","127.0.0.1","42003  >  59911 Len=1000","127.0.0.1"
"179","UDP","1042","8.030666154","127.0.0.1","42807  >  44003 Len=1000","127.0.0.1"
"180","UDP","1042","8.030675480","127.0.0.1","44003  >  42807 Len=1000","127.0.0.1"
"181","UDP","82","8.030690065","127.0.0.1","37904  >  43003 Len=40","127.0.0.1"
"182","UDP","54","8.030696558","127.0.0.1","43003  >  37904 Len=12","127.0.0.1"
"183","UDP","1042","8.030711238","127.0.0.1","35365  >  42003 Len=1000","127.0.0.1"
"184","UDP","1042","8.030720067","127.0.0.1","42003  >  35365 Len=1000","127.0.0.1"
"185","UDP","1042","8.030734148","127.0.0.1","47308  >  44003 Len=1000","127.0.0.1"
"186","UDP","1042","8.030746025","127.0.0.1","44003  >  47308 Len=1000","127.0.0.1"
"187","UDP","82","8.532064326","127.0.0.1","47328  >  43003 Len=40","127.0.0.1"
"188","UDP","54","8.532110048","127.0.0.1","43003  >  47328 Len=12","127.0.0.1"
"189","UDP","1042","8.532171284","127.0.0.1","51970  >  42003 Len=1000","127.0.0.1"
"190","UDP","1042","8.532234120","127.0.0.1","42003  >  51970 Len=1000","127.0.0.1"
"191","UDP","1042","8.532292653","127.0.0.1","35371  >  44003 Len=1000","127.0.0.1"
"192","UDP","1042","8.532342945","127.0.0.1","44003  >  35371 Len=1000","127.0.0.1"
"193","UDP","82","8.532414395","127.0.0.1","50984  >  43003 Len=40","127.0.0.1"
"194","UDP","54","8.532439249","127.0.0.1","43003  >  50984 Len=12","127.0.0.1"
"195","UDP","1042","8.532488603","127.0.0.1","53555  >  42003 Len=1000","127.0.0.1"
"196","UDP","1042","8.532511484","127.0.0.1","42003  >  53555 Len=1000","127.0.0.1"
"197","UDP","1042","8.532560133","127.0.0.1","54100  >  44003 Len=1000","127.0.0.1"
"198","UDP","1042","8.532585725","127.0.0.1","44003  >  54100 Len=1000","127.0.0.1"
"199","UDP","82","8.532640530","127.0.0.1","38536  >  43003 Len=40","127.0.0.1"
"200","UDP","54","8.532662964","127.0.0.1","43003  >  38536 Len=12","127.0.0.1"
"201","UDP","1042","8.532743862","127.0.0.1","35207  >  42003 Len=1000","127.0.0.1"
"202","UDP","1042","8.532764814","127.0.0.1","42003  >  35207 Len=1000","127.0.0.1"
"203","UDP","1042","8.532813662","127.0.0.1","36266  >  44003 Len=1000","127.0.0.1"
"204","UDP","1042","8.532836738","127.0.0.1","44003  >  36266 Len=1000","127.0.0.1"
"205","UDP","82","8.532885186","127.0.0.1","38390  >  43003 Len=40","127.0.0.1"
"206","UDP","54","8.532909070","127.0.0.1","43003  >  38390 Len=12","127.0.0.1"
"207","UDP","1042","8.532957410","127.0.0.1","51168  >  42003 Len=1000","127.0.0.1"
"208","UDP","1042","8.532987781","127.0.0.1","42003  >  51168 Len=1000","127.0.0.1"
"209","UDP","1042","8.533033876","127.0.0.1","35487  >  44003 Len=1000","127.0.0.1"
"210","UDP","1042","8.533065092","127.0.0.1","44003  >  35487 Len=1000","127.0.0.1"
"211","UDP","82","9.034676890","127.0.0.1","39323  >  43003 Len=40","127.0.0.1"
"212","UDP","54","9.034726288","127.0.0.1","43003  >  39323 Len=12","127.0.0.1"
"213","UDP","1042","9.034789849","127.0.0.1","47197  >  42003 Len=1000","127.0.0.1"
"214","UDP","1042","9.034842424","127.0.0.1","42003  >  47197 Len=1000","127.0.0.1"
"215","UDP","1042","9.034899703","127.0.0.1","57388  >  44003 Len=1000","127.0.0.1"
"216","UDP","1042","9.034945778","127.0.0.1","44003  >  57388 Len=1000","127.0.0.1"
"217","UDP","82","9.035000185","127.0.0.1","33846  >  43003 Len=40","127.0.0.1"
"218","UDP","54","9.035028607","127.0.0.1","43003  >  33846 Len=12","127.0.0.1"
"219","UDP","1042","9.035079787","127.0.0.1","50149  >  42003 Len=1000","127.0.0.1"
"220","UDP","1042","9.035103918","127.0.0.1","42003  >  50149 Len=1000","127.0.0.1"
"221","UDP","1042","9.035151718","127.0.0.1","35587  >  44003 Len=1000","127.0.0.1"
"222","UDP","1042","9.035175255","127.0.0.1","44003  >  35587 Len=1000","127.0.0.1"
"223","UDP","82","9.035221276","127.0.0.1","36735  >  43003 Len=40","127.0.0.1"
"224","UDP","54","9.035247286","127.0.0.1","43003  >  36735 Len=12","127.0.0.1"
"225","UDP","1042","9.035296952","127.0.0.1","58100  >  42003 Len=1000","127.0.0.1"
"226","UDP","1042","9.035317822","127.0.0.1","42003  >  58100 Len=1000","127.0.0.1"
"227","UDP","1042","9.035363110","127.0.0.1","57503  >  44003 Len=1000","127.0.0.1"
"228","UDP","1042","9.035383579","127.0.0.1","44003  >  57503 Len=1000","127.0.0.1"
"229","UDP","82","9.035427032","127.0.0.1","44068  >  43003 Len=40","127.0.0.1"
"230","UDP","54","9.035453284","127.0.0.1","43003  >  44068 Len=12","127.0.0.1"
"231","UDP","1042","9.035500946","127.0.0.1","36075  >  42003 Len=1000","127.0.0.1"
"232","UDP","1042","9.035532384","127.0.0.1","42003  >  36075 Len=1000","127.0.0.1"
"233","UDP","1042","9.035576636","127.0.0.1","33443  >  44003 Len=1000","127.0.0.1"
"234","UDP","1042","9.035605215","127.0.0.1","44003  >  33443 Len=1000","127.0.0.1"
"235","UDP","82","10.038819896","127.0.0.1","32834  >  43003 Len=40","127.0.0.1"
"236","UDP","54","10.038864832","127.0.0.1","43003  >  32834 Len=12","127.0.0.1"
"237","UDP","1042","10.038934125","127.0.0.1","35188  >  42003 Len=1000","127.0.0.1"
"238","UDP","1042","10.038988063","127.0.0.1","42003  >  35188 Len=1000","127.0.0.1"
"239","UDP","1042","10.039043782","127.0.0.1","48488  >  44003 Len=1000","127.0.0.1"
"240","UDP","1042","10.039090290","127.0.0.1","44003  >  48488 Len=1000","127.0.0.1"
"241","UDP","82","10.039149518","127.0.0.1","45680  >  43003 Len=40","127.0.0.1"
"242","UDP","54","10.039172981","127.0.0.1","43003  >  45680 Len=12","127.0.0.1"
"243","UDP","1042","10.039221732","127.0.0.1","41348  >  42003 Len=1000","127.0.0.1"
"244","UDP","1042","10.039244668","127.0.0.1","42003  >  41348 Len=1000","127.0.0.1"
"245","UDP","1042","10.039290103","127.0.0.1","53116  >  44003 Len=1000","127.0.0.1"
"246","UDP","1042","10.039312228","127.0.0.1","44003  >  53116 Len=1000","127.0.0.1"
"247","UDP","82","10.540877809","127.0.0.1","42642  >  43003 Len=40","127.0.0.1"
"248","UDP","54","10.540922411","127.0.0.1","43003  >  42642 Len=12","127.0.0.1"
"249","UDP","1042","10.540985007","127.0.0.1","58908  >  42003 Len=1000","127.0.0.1"
"250","UDP","1042","10.541037910","127.0.0.1","42003  >  58908 Len=1000","127.0.0.1"
"251","UDP","1042","10.541099879","127.0.0.1","51415  >  44003 Len=1000","127.0.0.1"
"252","UDP","1042","10.541145620","127.0.0.1","44003  >  51415 Len=1000","127.0.0.1"
"253","UDP","82","10.541199125","127.0.0.1","34472  >  43003 Len=40","127.0.0.1"
"254","UDP","54","10.541222578","127.0.0.1","43003  >  34472 Len=12","127.0.0.1"
"255","UDP","1042","10.541272351","127.0.0.1","56685  >  42003 Len=1000","127.0.0.1"
"256","UDP","1042","10.541305356","127.0.0.1","42003  >  56685 Len=1000","127.0.0.1"
"257","UDP","1042","10.541353780","127.0.0.1","53069  >  44003 Len=1000","127.0.0.1"
"258","UDP","1042","10.541383900","127.0.0.1","44003  >  53069 Len=1000","127.0.0.1"
"259","UDP","82","10.541429723","127.0.0.1","34768  >  43003 Len=40","127.0.0.1"
"260","UDP","54","10.541452245","127.0.0.1","43003  >  34768 Len=12","127.0.0.1"
"261","UDP","1042","10.541499865","127.0.0.1","54869  >  42003 Len=1000","127.0.0.1"
"262","UDP","1042","10.541520687","127.0.0.1","42003  >  54869 Len=1000","127.0.0.1"
"263","UDP","1042","10.541564642","127.0.0.1","58418  >  44003 Len=1000","127.0.0.1"
"264","UDP","1042","10.541584692","127.0.0.1","44003  >  58418 Len=1000","127.0.0.1"
"265","UDP","82","11.043321626","127.0.0.1","36697  >  43003 Len=40","127.0.0.1"
"266","UDP","54","11.043372497","127.0.0.1","43003  >  36697 Len=12","127.0.0.1"
"267","UDP","1042","11.043444066","127.0.0.1","57419  >  42003 Len=1000","127.0.0.1"
"268","UDP","1042","11.043513124","127.0.0.1","42003  >  57419 Len=1000","127.0.0.1"
"269","UDP","1042","11.043579932","127.0.0.1","37638  >  44003 Len=1000","127.0.0.1"
"270","UDP","1042","11.043629820","127.0.0.1","44003  >  37638 Len=1000","127.0.0.1"
"271","UDP","82","11.043698044","127.0.0.1","55066  >  43003 Len=40","127.0.0.1"
"272","UDP","54","11.043724180","127.0.0.1","43003  >  55066 Len=12","127.0.0.1"
"273","UDP","1042","11.043780295","127.0.0.1","53438  >  42003 Len=1000","127.0.0.1"
"274","UDP","1042","11.043805933","127.0.0.1","42003  >  53438 Len=1000","127.0.0.1"
"275","UDP","1042","11.043858706","127.0.0.1","58461  >  44003 Len=1000","127.0.0.1"
"276","UDP","1042","11.043884111","127.0.0.1","44003  >  58461 Len=1000","127.0.0.1"
"277","UDP","82","11.043937658","127.0.0.1","44551  >  43003 Len=40","127.0.0.1"
"278","UDP","54","11.043963771","127.0.0.1","43003  >  44551 Len=12","127.0.0.1"
"279","UDP","1042","11.044027259","127.0.0.1","59787  >  42003 Len=1000","127.0.0.1"
"280","UDP","1042","11.044063781","127.0.0.1","42003  >  59787 Len=1000","127.0.0.1"
"281","UDP","1042","11.044121584","127.0.0.1","38473  >  44003 Len=1000","127.0.0.1"
"282","UDP","1042","11.044154110","127.0.0.1","44003  >  38473 Len=1000","127.0.0.1"
"283","UDP","82","11.545851276","127.0.0.1","46724  >  43003 Len=40","127.0.0.1"
"284","UDP","54","11.545882445","127.0.0.1","43003  >  46724 Len=12","127.0.0.1"
"285","UDP","1042","11.545928247","127.0.0.1","33649  >  42003 Len=1000","127.0.0.1"
"286","UDP","1042","11.545963148","127.0.0.1","42003  >  33649 Len=1000","127.0.0.1"
"287","UDP","1042","11.545992912","127.0.0.1","53017  >  44003 Len=1000","127.0.0.1"
"288","UDP","1042","11.546019785","127.0.0.1","44003  >  53017 Len=1000","127.0.0.1"
"289","UDP","82","11.546046594","127.0.0.1","46692  >  43003 Len=40","127.0.0.1"
"290","UDP","54","11.546058864","127.0.0.1","43003  >  46692 Len=12","127.0.0.1"
"291","UDP","1042","11.546084088","127.0.0.1","37757  >  42003 Len=1000","127.0.0.1"
"292","UDP","1042","11.546096803","127.0.0.1","42003  >  37757 Len=1000","127.0.0.1"
"293","UDP","1042","11.546134954","127.0.0.1","40810  >  44003 Len=1000","127.0.0.1"
"294","UDP","1042","11.546147001","127.0.0.1","44003  >  40810 Len=1000","127.0.0.1"
"295","UDP","82","11.546170187","127.0.0.1","36774  >  43003 Len=40","127.0.0.1"
"296","UDP","54","11.546181653","127.0.0.1","43003  >  36774 Len=12","127.0.0.1"
"297","UDP","1042","11.546206361","127.0.0.1","39271  >  42003 Len=1000","127.0.0.1"
"298","UDP","1042","11.546217498","127.0.0.1","42003  >  39271 Len=1000","127.0.0.1"
"299","UDP","1042","11.546240472","127.0.0.1","42811  >  44003 Len=1000","127.0.0.1"
"300","UDP","1042","11.546250766","127.0.0.1","44003  >  42811 Len=1000","127.0.0.1"
"301","UDP","82","11.546275654","127.0.0.1","48455  >  43003 Len=40","127.0.0.1"
"302","UDP","54","11.546287303","127.0.0.1","43003  >  48455 Len=12","127.0.0.1"
"303","UDP","1042","11.546312538","127.0.0.1","41609  >  42003 Len=1000","127.0.0.1"
"304","UDP","1042","11.546348725","127.0.0.1","42003  >  41609 Len=1000","127.0.0.1"
"305","UDP","1042","11.546374462","127.0.0.1","53514  >  44003 Len=1000","127.0.0.1"
"306","UDP","1042","11.546390905","127.0.0.1","44003  >  53514 Len=1000","127.0.0.1"
"307","UDP","82","12.549148902","127.0.0.1","46492  >  43003 Len=40","127.0.0.1"
"308","UDP","54","12.549206060","127.0.0.1","43003  >  46492 Len=12","127.0.0.1"
"309","UDP","1042","12.549278873","127.0.0.1","54555  >  42003 Len=1000","127.0.0.1"
"310","UDP","1042","12.549344221","127.0.0.1","42003  >  54555 Len=1000","127.0.0.1"
"311","UDP","1042","12.549411021","127.0.0.1","41273  >  44003 Len=1000","127.0.0.1"
"312","UDP","1042","12.549462201","127.0.0.1","44003  >  41273 Len=1000","127.0.0.1"
"313","UDP","82","12.549523684","127.0.0.1","60408  >  43003 Len=40","127.0.0.1"
"314","UDP","54","12.549550476","127.0.0.1","43003  >  60408 Len=12","127.0.0.1"
"315","UDP","1042","12.549606636","127.0.0.1","47275  >  42003 Len=1000","127.0.0.1"
"316","UDP","1042","12.549632648","127.0.0.1","42003  >  47275 Len=1000","127.0.0.1"
"317","UDP","1042","12.549684686","127.0.0.1","57807  >  44003 Len=1000","127.0.0.1"
"318","UDP","1042","12.549710066","127.0.0.1","44003  >  57807 Len=1000","127.0.0.1"
"319","UDP","82","13.051547040","127.0.0.1","49075  >  43003 Len=40","127.0.0.1"
"320","UDP","54","13.051605047","127.0.0.1","43003  >  49075 Len=12","127.0.0.1"
"321","UDP","1042","13.051704789","127.0.0.1","38608  >  42003 Len=1000","127.0.0.1"
"322","UDP","1042","13.051775255","127.0.0.1","42003  >  38608 Len=1000","127.0.0.1"
"323","UDP","1042","13.051844818","127.0.0.1","50209  >  44003 Len=1000","127.0.0.1"
"324","UDP","1042","13.051905286","127.0.0.1","44003  >  50209 Len=1000","127.0.0.1"
"325","UDP","82","13.051968762","127.0.0.1","33275  >  43003 Len=40","127.0.0.1"
"326","UDP","54","13.051997621","127.0.0.1","43003  >  33275 Len=12","127.0.0.1"
"327","UDP","1042","13.052060044","127.0.0.1","39749  >  42003 Len=1000","127.0.0.1"
"328","UDP","1042","13.052112185","127.0.0.1","42003  >  39749 Len=1000","127.0.0.1"
"329","UDP","1042","13.052171235","127.0.0.1","47122  >  44003 Len=1000","127.0.0.1"
"330","UDP","1042","13.052207535","127.0.0.1","44003  >  47122 Len=1000","127.0.0.1"
"331","UDP","82","13.553864672","127.0.0.1","51372  >  43003 Len=40","127.0.0.1"
"332","UDP","54","13.553920438","127.0.0.1","43003  >  51372 Len=12","127.0.0.1"
"333","UDP","1042","13.553995156","127.0.0.1","37559  >  42003 Len=1000","127.0.0.1"
"334","UDP","1042","13.554074378","127.0.0.1","42003  >  37559 Len=1000","127.0.0.1"
"335","UDP","1042","13.554146899","127.0.0.1","37257  >  44003 Len=1000","127.0.0.1"
"336","UDP","1042","13.554203372","127.0.0.1","44003  >  37257 Len=1000","127.0.0.1"
"337","UDP","82","13.554269767","127.0.0.1","45066  >  43003 Len=40","127.0.0.1"
"338","UDP","54","13.554304189","127.0.0.1","43003  >  45066 Len=12","127.0.0.1"
"339","UDP","1042","13.554363719","127.0.0.1","40904  >  42003 Len=1000","127.0.0.1"
"340","UDP","1042","13.554391425","127.0.0.1","42003  >  40904 Len=1000","127.0.0.1"
"341","UDP","1042","13.554449303","127.0.0.1","52856  >  44003 Len=1000","127.0.0.1"
"342","UDP","1042","13.554476429","127.0.0.1","44003  >  52856 Len=1000","127.0.0.1"
"343","UDP","82","13.554547783","127.0.0.1","47718  >  43003 Len=40","127.0.0.1"
"344","UDP","54","13.554574794","127.0.0.1","43003  >  47718 Len=12","127.0.0.1"
"345","UDP","1042","13.554636779","127.0.0.1","47774  >  42003 Len=1000","127.0.0.1"
"346","UDP","1042","13.554665652","127.0.0.1","42003  >  47774 Len=1000","127.0.0.1"
"347","UDP","1042","13.554751747","127.0.0.1","40025  >  44003 Len=1000","127.0.0.1"
"348","UDP","1042","13.554778944","127.0.0.1","44003  >  40025 Len=1000","127.0.0.1"
"349","UDP","82","14.056439988","127.0.0.1","56260  >  43003 Len=40","127.0.0.1"
"350","UDP","54","14.056499638","127.0.0.1","43003  >  56260 Len=12","127.0.0.1"
"351","UDP","1042","14.056586102","127.0.0.1","36953  >  42003 Len=1000","127.0.0.1"
"352","UDP","1042","14.056668310","127.0.0.1","42003  >  36953 Len=1000","127.0.0.1"
"353","UDP","1042","14.056738453","127.0.0.1","45844  >  44003 Len=1000","127.0.0.1"
"354","UDP","1042","14.056805997","127.0.0.1","44003  >  45844 Len=1000","127.0.0.1"
"355","UDP","82","14.056865991","127.0.0.1","47871  >  43003 Len=40","127.0.0.1"
"356","UDP","54","14.056892147","127.0.0.1","43003  >  47871 Len=12","127.0.0.1"
"357","UDP","1042","14.056947256","127.0.0.1","50763  >  42003 Len=1000","127.0.0.1"
"358","UDP","1042","14.056990350","127.0.0.1","42003  >  50763 Len=1000","127.0.0.1"
"359","UDP","1042","14.057049632","127.0.0.1","37777  >  44003 Len=1000","127.0.0.1"
"360","UDP","1042","14.057077527","127.0.0.1","44003  >  37777 Len=1000","127.0.0.1"
"361","UDP","82","14.057128091","127.0.0.1","52775  >  43003 Len=40","127.0.0.1"
"362","UDP","54","14.057151459","127.0.0.1","43003  >  52775 Len=12","127.0.0.1"
"363","UDP","1042","14.057201955","127.0.0.1","43637  >  42003 Len=1000","127.0.0.1"
"364","UDP","1042","14.057243864","127.0.0.1","42003  >  43637 Len=1000","127.0.0.1"
"365","UDP","1042","14.057302646","127.0.0.1","37905  >  44003 Len=1000","127.0.0.1"
"366","UDP","1042","14.057325368","127.0.0.1","44003  >  37905 Len=1000","127.0.0.1"
"367","UDP","82","14.057375853","127.0.0.1","52076  >  43003 Len=40","127.0.0.1"
"368","UDP","54","14.057399116","127.0.0.1","43003  >  52076 Len=12","127.0.0.1"
"369","UDP","1042","14.057451772","127.0.0.1","45504  >  42003 Len=1000","127.0.0.1"
"370","UDP","1042","14.057490679","127.0.0.1","42003  >  45504 Len=1000","127.0.0.1"
"371","UDP","1042","14.057549709","127.0.0.1","51633  >  44003 Len=1000","127.0.0.1"
"372","UDP","1042","14.057577366","127.0.0.1","44003  >  51633 Len=1000","127.0.0.1"
"373","UDP","82","15.060522635","127.0.0.1","59553  >  43003 Len=40","127.0.0.1"
"374","UDP","54","15.060579585","127.0.0.1","43003  >  59553 Len=12","127.0.0.1"
"375","UDP","1042","15.060646048","127.0.0.1","35411  >  42003 Len=1000","127.0.0.1"
"376","UDP","1042","15.060701456","127.0.0.1","42003  >  35411 Len=1000","127.0.0.1"
"377","UDP","1042","15.060757249","127.0.0.1","47505  >  44003 Len=1000","127.0.0.1"
"378","UDP","1042","15.060804082","127.0.0.1","44003  >  47505 Len=1000","127.0.0.1"
"379","UDP","82","15.562307072","127.0.0.1","51247  >  43003 Len=40","127.0.0.1"
"380","UDP","54","15.562369967","127.0.0.1","43003  >  51247 Len=12","127.0.0.1"
"381","UDP","1042","15.562443370","127.0.0.1","53310  >  42003 Len=1000","127.0.0.1"
"382","UDP","1042","15.562498254","127.0.0.1","42003  >  53310 Len=1000","127.0.0.1"
"383","UDP","1042","15.562560031","127.0.0.1","33320  >  44003 Len=1000","127.0.0.1"
"384","UDP","1042","15.562602983","127.0.0.1","44003  >  33320 Len=1000","127.0.0.1"
"385","UDP","82","15.562666373","127.0.0.1","34944  >  43003 Len=40","127.0.0.1"
"386","UDP","54","15.562690855","127.0.0.1","43003  >  34944 Len=12","127.0.0.1"
"387","UDP","1042","15.562742486","127.0.0.1","59155  >  42003 Len=1000","127.0.0.1"
"388","UDP","1042","15.562767999","127.0.0.1","42003  >  59155 Len=1000","127.0.0.1"
"389","UDP","1042","15.562827504","127.0.0.1","53771  >  44003 Len=1000","127.0.0.1"
"390","UDP","1042","15.562855892","127.0.0.1","44003  >  53771 Len=1000","127.0.0.1"
"391","UDP","82","16.064305833","127.0.0.1","55543  >  43003 Len=40","127.0.0.1"
"392","UDP","54","16.064360575","127.0.0.1","43003  >  55543 Len=12","127.0.0.1"
"393","UDP","1042","16.064423441","127.0.0.1","59495  >  42003 Len=1000","127.0.0.1"
"394","UDP","1042","16.064472121","127.0.0.1","42003  >  59495 Len=1000","127.0.0.1"
"395","UDP","1042","16.064528137","127.0.0.1","39412  >  44003 Len=1000","127.0.0.1"
"396","UDP","1042","16.064564639","127.0.0.1","44003  >  39412 Len=1000","127.0.0.1"
"397","UDP","82","16.566138134","127.0.0.1","54957  >  43003 Len=40","127.0.0.1"
"398","UDP","54","16.566197781","127.0.0.1","43003  >  54957 Len=12","127.0.0.1"
"399","UDP","1042","16.566263416","127.0.0.1","42931  >  42003 Len=1000","127.0.0.1"
"400","UDP","1042","16.566313381","127.0.0.1","42003  >  42931 Len=1000","127.0.0.1"
"401","UDP","1042","16.566402090","127.0.0.1","39276  >  44003 Len=1000","127.0.0.1"
"402","UDP","1042","16.566441109","127.0.0.1","44003  >  39276 Len=1000","127.0.0.1"
"403","UDP","82","16.566533088","127.0.0.1","52476  >  43003 Len=40","127.0.0.1"
"404","UDP","54","16.566557465","127.0.0.1","43003  >  52476 Len=12","127.0.0.1"
"405","UDP","1042","16.566609958","127.0.0.1","46035  >  42003 Len=1000","127.0.0.1"
"406","UDP","1042","16.566641851","127.0.0.1","42003  >  46035 Len=1000","127.0.0.1"
"407","UDP","1042","16.566687570","127.0.0.1","47896  >  44003 Len=1000","127.0.0.1"
"408","UDP","1042","16.566720466","127.0.0.1","44003  >  47896 Len=1000","127.0.0.1"
"409","UDP","82","16.566770749","127.0.0.1","44381  >  43003 Len=40","127.0.0.1"
"410","UDP","54","16.566790622","127.0.0.1","43003  >  44381 Len=12","127.0.0.1"
"411","UDP","1042","16.566834663","127.0.0.1","42413  >  42003 Len=1000","127.0.0.1"
"412","UDP","1042","16.566855066","127.0.0.1","42003  >  42413 Len=1000","127.0.0.1"
"413","UDP","1042","16.566899448","127.0.0.1","35845  >  44003 Len=1000","127.0.0.1"
"414","UDP","1042","16.566922443","127.0.0.1","44003  >  35845 Len=1000","127.0.0.1"
"415","UDP","82","18.070862551","127.0.0.1","45557  >  43003 Len=40","127.0.0.1"
"416","UDP","54","18.070920615","127.0.0.1","43003  >  45557 Len=12","127.0.0.1"
"417","UDP","1042","18.070986574","127.0.0.1","51282  >  42003 Len=1000","127.0.0.1"
"418","UDP","1042","18.071036987","127.0.0.1","42003  >  51282 Len=1000","127.0.0.1"
"419","UDP","1042","18.071091918","127.0.0.1","45236  >  44003 Len=1000","127.0.0.1"
"420","UDP","1042","18.071130289","127.0.0.1","44003  >  45236 Len=1000","127.0.0.1"
"421","UDP","82","18.071184253","127.0.0.1","53606  >  43003 Len=40","127.0.0.1"
"422","UDP","54","18.071206507","127.0.0.1","43003  >  53606 Len=12","127.0.0.1"
"423","UDP","1042","18.071253226","127.0.0.1","53564  >  42003 Len=1000","127.0.0.1"
"424","UDP","1042","18.071275647","127.0.0.1","42003  >  53564 Len=1000","127.0.0.1"
"425","UDP","1042","18.071321328","127.0.0.1","33727  >  44003 Len=1000","127.0.0.1"
"426","UDP","1042","18.071344674","127.0.0.1","44003  >  33727 Len=1000","127.0.0.1"
"427","UDP","82","18.071394038","127.0.0.1","49390  >  43003 Len=40","127.0.0.1"
"428","UDP","54","18.071417849","127.0.0.1","43003  >  49390 Len=12","127.0.0.1"
"429","UDP","1042","18.071462812","127.0.0.1","45995  >  42003 Len=1000","127.0.0.1"
"430","UDP","1042","18.071491539","127.0.0.1","42003  >  45995 Len=1000","127.0.0.1"
"431","UDP","1042","18.071536845","127.0.0.1","46228  >  44003 Len=1000","127.0.0.1"
"432","UDP","1042","18.071568353","127.0.0.1","44003  >  46228 Len=1000","127.0.0.1"
"433","UDP","82","18.071619613","127.0.0.1","52446  >  43003 Len=40","127.0.0.1"
"434","UDP","54","18.071643128","127.0.0.1","43003  >  52446 Len=12","127.0.0.1"
"435","UDP","1042","18.071689152","127.0.0.1","46523  >  42003 Len=1000","127.0.0.1"
"436","UDP","1042","18.071708618","127.0.0.1","42003  >  46523 Len=1000","127.0.0.1"
"437","UDP","1042","18.071755012","127.0.0.1","58582  >  44003 Len=1000","127.0.0.1"
"438","UDP","1042","18.071778119","127.0.0.1","44003  >  58582 Len=1000","127.0.0.1"
"439","UDP","82","18.071826712","127.0.0.1","33366  >  43003 Len=40","127.0.0.1"
"440","UDP","54","18.071847394","127.0.0.1","43003  >  33366 Len=12","127.0.0.1"
"441","UDP","1042","18.071898479","127.0.0.1","47022  >  42003 Len=1000","127.0.0.1"
"442","UDP","1042","18.071918409","127.0.0.1","42003  >  47022 Len=1000","127.0.0.1"
"443","UDP","1042","18.071964729","127.0.0.1","36452  >  44003 Len=1000","127.0.0.1"
"444","UDP","1042","18.071987827","127.0.0.1","44003  >  36452 Len=1000","127.0.0.1"
"445","UDP","82","18.072034989","127.0.0.1","38521  >  43003 Len=40","127.0.0.1"
"446","UDP","54","18.072058539","127.0.0.1","43003  >  38521 Len=12","127.0.0.1"
"447","UDP","1042","18.072102469","127.0.0.1","57078  >  42003 Len=1000","127.0.0.1"
"448","UDP","1042","18.072122375","127.0.0.1","42003  >  57078 Len=1000","127.0.0.1"
"449","UDP","1042","18.072167161","127.0.0.1","51344  >  44003 Len=1000","127.0.0.1"
"450","UDP","1042","18.072188949","127.0.0.1","44003  >  51344 Len=1000","127.0.0.1"
"451","UDP","82","18.573733886","127.0.0.1","50950  >  43003 Len=40","127.0.0.1"
"452","UDP","54","18.573792288","127.0.0.1","43003  >  50950 Len=12","127.0.0.1"
"453","UDP","1042","18.573858052","127.0.0.1","58208  >  42003 Len=1000","127.0.0.1"
"454","UDP","1042","18.573914270","127.0.0.1","42003  >  58208 Len=1000","127.0.0.1"
"455","UDP","1042","18.573971500","127.0.0.1","44778  >  44003 Len=1000","127.0.0.1"
"456","UDP","1042","18.574017925","127.0.0.1","44003  >  44778 Len=1000","127.0.0.1"
"457","UDP","82","19.075516937","127.0.0.1","51627  >  43003 Len=40","127.0.0.1"
"458","UDP","54","19.075580247","127.0.0.1","43003  >  51627 Len=12","127.0.0.1"
"459","UDP","1042","19.075664785","127.0.0.1","44762  >  42003 Len=1000","127.0.0.1"
"460","UDP","1042","19.075720393","127.0.0.1","42003  >  44762 Len=1000","127.0.0.1"
"461","UDP","1042","19.075786113","127.0.0.1","46707  >  44003 Len=1000","127.0.0.1"
"462","UDP","1042","19.075829708","127.0.0.1","44003  >  46707 Len=1000","127.0.0.1"
"463","UDP","82","19.075892784","127.0.0.1","50902  >  43003 Len=40","127.0.0.1"
"464","UDP","54","19.075918783","127.0.0.1","43003  >  50902 Len=12","127.0.0.1"
"465","UDP","1042","19.075970788","127.0.0.1","39429  >  42003 Len=1000","127.0.0.1"
"466","UDP","1042","19.075996002","127.0.0.1","42003  >  39429 Len=1000","127.0.0.1"
"467","UDP","1042","19.076047352","127.0.0.1","43146  >  44003 Len=1000","127.0.0.1"
"468","UDP","1042","19.076076499","127.0.0.1","44003  >  43146 Len=1000","127.0.0.1"
"469","UDP","82","20.581064764","127.0.0.1","50264  >  43003 Len=40","127.0.0.1"
"470","UDP","54","20.581128232","127.0.0.1","43003  >  50264 Len=12","127.0.0.1"
"471","UDP","1042","20.581201895","127.0.0.1","53152  >  42003 Len=1000","127.0.0.1"
"472","UDP","1042","20.581257241","127.0.0.1","42003  >  53152 Len=1000","127.0.0.1"
"473","UDP","1042","20.581320185","127.0.0.1","39359  >  44003 Len=1000","127.0.0.1"
"474","UDP","1042","20.581364077","127.0.0.1","44003  >  39359 Len=1000","127.0.0.1"
"475","UDP","82","20.581427458","127.0.0.1","53707  >  43003 Len=40","127.0.0.1"
"476","UDP","54","20.581451859","127.0.0.1","43003  >  53707 Len=12","127.0.0.1"
"477","UDP","1042","20.581507687","127.0.0.1","41299  >  42003 Len=1000","127.0.0.1"
"478","UDP","1042","20.581543150","127.0.0.1","42003  >  41299 Len=1000","127.0.0.1"
"479","UDP","1042","20.581595997","127.0.0.1","49447  >  44003 Len=1000","127.0.0.1"
"480","UDP","1042","20.581631448","127.0.0.1","44003  >  49447 Len=1000","127.0.0.1"
"481","UDP","82","20.581687632","127.0.0.1","59805  >  43003 Len=40","127.0.0.1"
"482","UDP","54","20.581710466","127.0.0.1","43003  >  59805 Len=12","127.0.0.1"
"483","UDP","1042","20.581759833","127.0.0.1","45578  >  42003 Len=1000","127.0.0.1"
"484","UDP","1042","20.581782388","127.0.0.1","42003  >  45578 Len=1000","127.0.0.1"
"485","UDP","1042","20.581831857","127.0.0.1","57345  >  44003 Len=1000","127.0.0.1"
"486","UDP","1042","20.581857271","127.0.0.1","44003  >  57345 Len=1000","127.0.0.1"
"487","UDP","82","20.581910328","127.0.0.1","44383  >  43003 Len=40","127.0.0.1"
"488","UDP","54","20.581931823","127.0.0.1","43003  >  44383 Len=12","127.0.0.1"
"489","UDP","1042","20.581980839","127.0.0.1","53858  >  42003 Len=1000","127.0.0.1"
"490","UDP","1042","20.582002194","127.0.0.1","42003  >  53858 Len=1000","127.0.0.1"
"491","UDP","1042","20.582060579","127.0.0.1","41322  >  44003 Len=1000","127.0.0.1"
"492","UDP","1042","20.582086069","127.0.0.1","44003  >  41322 Len=1000","127.0.0.1"
"493","UDP","82","21.083675380","127.0.0.1","53561  >  43003 Len=40","127.0.0.1"
"494","UDP","54","21.083735283","127.0.0.1","43003  >  53561 Len=12","127.0.0.1"
"495","UDP","1042","21.083797854","127.0.0.1","47653  >  42003 Len=1000","127.0.0.1"
"496","UDP","1042","21.083844817","127.0.0.1","42003  >  47653 Len=1000","127.0.0.1"
"497","UDP","1042","21.083898953","127.0.0.1","41079  >  44003 Len=1000","127.0.0.1"
"498","UDP","1042","21.083938055","127.0.0.1","44003  >  41079 Len=1000","127.0.0.1"
"499","UDP","82","21.083994338","127.0.0.1","55360  >  43003 Len=40","127.0.0.1"
"500","UDP","54","21.084019273","127.0.0.1","43003  >  55360 Len=12","127.0.0.1"
"501","UDP","1042","21.084064717","127.0.0.1","47470  >  42003 Len=1000","127.0.0.1"
"502","UDP","1042","21.084093490","127.0.0.1","42003  >  47470 Len=1000","127.0.0.1"
"503","UDP","1042","21.084140182","127.0.0.1","53761  >  44003 Len=1000","127.0.0.1"
"504","UDP","1042","21.084172515","127.0.0.1","44003  >  53761 Len=1000","127.0.0.1"
"505","UDP","82","21.084223757","127.0.0.1","36717  >  43003 Len=40","127.0.0.1"
"506","UDP","54","21.084249049","127.0.0.1","43003  >  36717 Len=12","127.0.0.1"
"507","UDP","1042","21.084299234","127.0.0.1","37602  >  42003 Len=1000","127.0.0.1"
"508","UDP","1042","21.084318938","127.0.0.1","42003  >  37602 Len=1000","127.0.0.1"
"509","UDP","1042","21.084362988","127.0.0.1","52016  >  44003 Len=1000","127.0.0.1"
"510","UDP","1042","21.084385940","127.0.0.1","44003  >  52016 Len=1000","127.0.0.1"
"511","UDP","82","21.084434583","127.0.0.1","57304  >  43003 Len=40","127.0.0.1"
"512","UDP","54","21.084464875","127.0.0.1","43003  >  57304 Len=12","127.0.0.1"
"513","UDP","1042","21.084508885","127.0.0.1","44894  >  42003 Len=1000","127.0.0.1"
"514","UDP","1042","21.084528055","127.0.0.1","42003  >  44894 Len=1000","127.0.0.1"
"515","UDP","1042","21.084573571","127.0.0.1","46560  >  44003 Len=1000","127.0.0.1"
"516","UDP","1042","21.084596537","127.0.0.1","44003  >  46560 Len=1000","127.0.0.1"
"517","UDP","82","21.586311242","127.0.0.1","45421  >  43003 Len=40","127.0.0.1"
"518","UDP","54","21.586372701","127.0.0.1","43003  >  45421 Len=12","127.0.0.1"
"519","UDP","1042","21.586444097","127.0.0.1","55576  >  42003 Len=1000","127.0.0.1"
"520","UDP","1042","21.586537270","127.0.0.1","42003  >  55576 Len=1000","127.0.0.1"
"521","UDP","1042","21.586606104","127.0.0.1","57893  >  44003 Len=1000","127.0.0.1"
"522","UDP","1042","21.586651803","127.0.0.1","44003  >  57893 Len=1000","127.0.0.1"
"523","UDP","82","21.586715448","127.0.0.1","49274  >  43003 Len=40","127.0.0.1"
"524","UDP","54","21.586740335","127.0.0.1","43003  >  49274 Len=12","127.0.0.1"
"525","UDP","1042","21.586800177","127.0.0.1","59407  >  42003 Len=1000","127.0.0.1"
"526","UDP","1042","21.586837815","127.0.0.1","42003  >  59407 Len=1000","127.0.0.1"
"527","UDP","1042","21.586890697","127.0.0.1","60851  >  44003 Len=1000","127.0.0.1"
"528","UDP","1042","21.586928001","127.0.0.1","44003  >  60851 Len=1000","127.0.0.1"
"529","UDP","82","23.091949307","127.0.0.1","38302  >  43003 Len=40","127.0.0.1"
"530","UDP","54","23.092004599","127.0.0.1","43003  >  38302 Len=12","127.0.0.1"
"531","UDP","1042","23.092068484","127.0.0.1","55512  >  42003 Len=1000","127.0.0.1"
"532","UDP","1042","23.092118996","127.0.0.1","42003  >  55512 Len=1000","127.0.0.1"
"533","UDP","1042","23.092174213","127.0.0.1","40693  >  44003 Len=1000","127.0.0.1"
"534","UDP","1042","23.092213127","127.0.0.1","44003  >  40693 Len=1000","127.0.0.1"
"535","UDP","82","23.092267313","127.0.0.1","57604  >  43003 Len=40","127.0.0.1"
"536","UDP","54","23.092288949","127.0.0.1","43003  >  57604 Len=12","127.0.0.1"
"537","UDP","1042","23.092335553","127.0.0.1","49168  >  42003 Len=1000","127.0.0.1"
"538","UDP","1042","23.092358412","127.0.0.1","42003  >  49168 Len=1000","127.0.0.1"
"539","UDP","1042","23.092403616","127.0.0.1","45889  >  44003 Len=1000","127.0.0.1"
"540","UDP","1042","23.092427820","127.0.0.1","44003  >  45889 Len=1000","127.0.0.1"
"541","UDP","82","23.092481539","127.0.0.1","32896  >  43003 Len=40","127.0.0.1"
"542","UDP","54","23.092501233","127.0.0.1","43003  >  32896 Len=12","127.0.0.1"
"543","UDP","1042","23.092547290","127.0.0.1","46711  >  42003 Len=1000","127.0.0.1"
"544","UDP","1042","23.092567548","127.0.0.1","42003  >  46711 Len=1000","127.0.0.1"
"545","UDP","1042","23.092612582","127.0.0.1","58972  >  44003 Len=1000","127.0.0.1"
"546","UDP","1042","23.092635041","127.0.0.1","44003  >  58972 Len=1000","127.0.0.1"
"547","UDP","82","23.594258125","127.0.0.1","34386  >  43003 Len=40","127.0.0.1"
"548","UDP","54","23.594316900","127.0.0.1","43003  >  34386 Len=12","127.0.0.1"
"549","UDP","1042","23.594383676","127.0.0.1","48883  >  42003 Len=1000","127.0.0.1"
"550","UDP","1042","23.594450778","127.0.0.1","42003  >  48883 Len=1000","127.0.0.1"
"551","UDP","1042","23.594513679","127.0.0.1","34219  >  44003 Len=1000","127.0.0.1"
"552","UDP","1042","23.594563659","127.0.0.1","44003  >  34219 Len=1000","127.0.0.1"
"553","UDP","82","23.594625506","127.0.0.1","53722  >  43003 Len=40","127.0.0.1"
"554","UDP","54","23.594650930","127.0.0.1","43003  >  53722 Len=12","127.0.0.1"
"555","UDP","1042","23.594714105","127.0.0.1","45048  >  42003 Len=1000","127.0.0.1"
"556","UDP","1042","23.594740709","127.0.0.1","42003  >  45048 Len=1000","127.0.0.1"
"557","UDP","1042","23.594794918","127.0.0.1","32928  >  44003 Len=1000","127.0.0.1"
"558","UDP","1042","23.594821766","127.0.0.1","44003  >  32928 Len=1000","127.0.0.1"
"559","UDP","82","23.594876194","127.0.0.1","46296  >  43003 Len=40","127.0.0.1"
"560","UDP","54","23.594899378","127.0.0.1","43003  >  46296 Len=12","127.0.0.1"
"561","UDP","1042","23.594949301","127.0.0.1","46587  >  42003 Len=1000","127.0.0.1"
"562","UDP","1042","23.594971903","127.0.0.1","42003  >  46587 Len=1000","127.0.0.1"
"563","UDP","1042","23.595022629","127.0.0.1","55161  >  44003 Len=1000","127.0.0.1"
"564","UDP","1042","23.595048765","127.0.0.1","44003  >  55161 Len=1000","127.0.0.1"
"565","UDP","82","23.595103201","127.0.0.1","44742  >  43003 Len=40","127.0.0.1"
"566","UDP","54","23.595125530","127.0.0.1","43003  >  44742 Len=12","127.0.0.1"
"567","UDP","1042","23.595175790","127.0.0.1","51280  >  42003 Len=1000","127.0.0.1"
"568","UDP","1042","23.595197511","127.0.0.1","42003  >  51280 Len=1000","127.0.0.1"
"569","UDP","1042","23.595248769","127.0.0.1","55819  >  44003 Len=1000","127.0.0.1"
"570","UDP","1042","23.595273887","127.0.0.1","44003  >  55819 Len=1000","127.0.0.1"
"571","UDP","82","24.096755257","127.0.0.1","38754  >  43003 Len=40","127.0.0.1"
"572","UDP","54","24.096810145","127.0.0.1","43003  >  38754 Len=12","127.0.0.1"
"573","UDP","1042","24.096872121","127.0.0.1","53611  >  42003 Len=1000","127.0.0.1"
"574","UDP","1042","24.096927651","127.0.0.1","42003  >  53611 Len=1000","127.0.0.1"
"575","UDP","1042","24.096980286","127.0.0.1","48138  >  44003 Len=1000","127.0.0.1"
"576","UDP","1042","24.097025928","127.0.0.1","44003  >  48138 Len=1000","127.0.0.1"
"577","UDP","82","24.097079978","127.0.0.1","58087  >  43003 Len=40","127.0.0.1"
"578","UDP","54","24.097101803","127.0.0.1","43003  >  58087 Len=12","127.0.0.1"
"579","UDP","1042","24.097146947","127.0.0.1","45493  >  42003 Len=1000","127.0.0.1"
"580","UDP","1042","24.097170159","127.0.0.1","42003  >  45493 Len=1000","127.0.0.1"
"581","UDP","1042","24.097216368","127.0.0.1","43470  >  44003 Len=1000","127.0.0.1"
"582","UDP","1042","24.097240240","127.0.0.1","44003  >  43470 Len=1000","127.0.0.1"
"583","UDP","82","25.601909363","127.0.0.1","54529  >  43003 Len=40","127.0.0.1"
"584","UDP","54","25.601966092","127.0.0.1","43003  >  54529 Len=12","127.0.0.1"
"585","UDP","1042","25.602029298","127.0.0.1","51768  >  42003 Len=1000","127.0.0.1"
"586","UDP","1042","25.602079269","127.0.0.1","42003  >  51768 Len=1000","127.0.0.1"
"587","UDP","1042","25.602135151","127.0.0.1","54298  >  44003 Len=1000","127.0.0.1"
"588","UDP","1042","25.602171545","127.0.0.1","44003  >  54298 Len=1000","127.0.0.1"
"589","UDP","82","25.602226838","127.0.0.1","56158  >  43003 Len=40","127.0.0.1"
"590","UDP","54","25.602249522","127.0.0.1","43003  >  56158 Len=12","127.0.0.1"
"591","UDP","1042","25.602302800","127.0.0.1","56381  >  42003 Len=1000","127.0.0.1"
"592","UDP","1042","25.602324674","127.0.0.1","42003  >  56381 Len=1000","127.0.0.1"
"593","UDP","1042","25.602377209","127.0.0.1","48425  >  44003 Len=1000","127.0.0.1"
"594","UDP","1042","25.602401691","127.0.0.1","44003  >  48425 Len=1000","127.0.0.1"
"595","UDP","82","25.602451545","127.0.0.1","35712  >  43003 Len=40","127.0.0.1"
"596","UDP","54","25.602472201","127.0.0.1","43003  >  35712 Len=12","127.0.0.1"
"597","UDP","1042","25.602520934","127.0.0.1","55839  >  42003 Len=1000","127.0.0.1"
"598","UDP","1042","25.602548230","127.0.0.1","42003  >  55839 Len=1000","127.0.0.1"
"599","UDP","1042","25.602593841","127.0.0.1","60124  >  44003 Len=1000","127.0.0.1"
"600","UDP","1042","25.602624871","127.0.0.1","44003  >  60124 Len=1000","127.0.0.1"
"601","UDP","82","26.104153423","127.0.0.1","60998  >  43003 Len=40","127.0.0.1"
"602","UDP","54","26.104215470","127.0.0.1","43003  >  60998 Len=12","127.0.0.1"
"603","UDP","1042","26.104285208","127.0.0.1","37381  >  42003 Len=1000","127.0.0.1"
"604","UDP","1042","26.104341879","127.0.0.1","42003  >  37381 Len=1000","127.0.0.1"
"605","UDP","1042","26.104404518","127.0.0.1","54306  >  44003 Len=1000","127.0.0.1"
"606","UDP","1042","26.104447008","127.0.0.1","44003  >  54306 Len=1000","127.0.0.1"
"607","UDP","82","26.104509439","127.0.0.1","49738  >  43003 Len=40","127.0.0.1"
"608","UDP","54","26.104533341","127.0.0.1","43003  >  49738 Len=12","127.0.0.1"
"609","UDP","1042","26.104583682","127.0.0.1","54268  >  42003 Len=1000","127.0.0.1"
"610","UDP","1042","26.104608536","127.0.0.1","42003  >  54268 Len=1000","127.0.0.1"
"611","UDP","1042","26.104657980","127.0.0.1","41871  >  44003 Len=1000","127.0.0.1"
"612","UDP","1042","26.104683699","127.0.0.1","44003  >  41871 Len=1000","127.0.0.1"
"613","UDP","82","28.109951586","127.0.0.1","50628  >  43003 Len=40","127.0.0.1"
"614","UDP","54","28.110014054","127.0.0.1","43003  >  50628 Len=12","127.0.0.1"
"615","UDP","1042","28.110084192","127.0.0.1","41441  >  42003 Len=1000","127.0.0.1"
"616","UDP","1042","28.110138006","127.0.0.1","42003  >  41441 Len=1000","127.0.0.1"
"617","UDP","1042","28.110199271","127.0.0.1","55655  >  44003 Len=1000","127.0.0.1"
"618","UDP","1042","28.110240037","127.0.0.1","44003  >  55655 Len=1000","127.0.0.1"
"619","UDP","82","28.110300639","127.0.0.1","56592  >  43003 Len=40","127.0.0.1"
"620","UDP","54","28.110325925","127.0.0.1","43003  >  56592 Len=12","127.0.0.1"
"621","UDP","1042","28.110376782","127.0.0.1","36433  >  42003 Len=1000","127.0.0.1"
"622","UDP","1042","28.110411151","127.0.0.1","42003  >  36433 Len=1000","127.0.0.1"
"623","UDP","1042","28.110462064","127.0.0.1","60795  >  44003 Len=1000","127.0.0.1"
"624","UDP","1042","28.110499043","127.0.0.1","44003  >  60795 Len=1000","127.0.0.1"
"625","UDP","82","28.611951103","127.0.0.1","36609  >  43003 Len=40","127.0.0.1"
"626","UDP","54","28.611984996","127.0.0.1","43003  >  36609 Len=12","127.0.0.1"
"627","UDP","1042","28.612030644","127.0.0.1","47296  >  42003 Len=1000","127.0.0.1"
"628","UDP","1042","28.612059942","127.0.0.1","42003  >  47296 Len=1000","127.0.0.1"
"629","UDP","1042","28.612088628","127.0.0.1","43891  >  44003 Len=1000","127.0.0.1"
"630","UDP","1042","28.612111112","127.0.0.1","44003  >  43891 Len=1000","127.0.0.1"
"631","UDP","82","30.618469675","127.0.0.1","51303  >  43003 Len=40","127.0.0.1"
"632","UDP","54","30.618526059","127.0.0.1","43003  >  51303 Len=12","127.0.0.1"
"633","UDP","1042","30.618598585","127.0.0.1","48552  >  42003 Len=1000","127.0.0.1"
"634","UDP","1042","30.618652620","127.0.0.1","42003  >  48552 Len=1000","127.0.0.1"
"635","UDP","1042","30.618722407","127.0.0.1","47420  >  44003 Len=1000","127.0.0.1"
"636","UDP","1042","30.618765528","127.0.0.1","44003  >  47420 Len=1000","127.0.0.1"
"637","UDP","82","30.618825253","127.0.0.1","52283  >  43003 Len=40","127.0.0.1"
"638","UDP","54","30.618847694","127.0.0.1","43003  >  52283 Len=12","127.0.0.1"
"639","UDP","1042","30.618895979","127.0.0.1","51007  >  42003 Len=1000","127.0.0.1"
"640","UDP","1042","30.618919439","127.0.0.1","42003  >  51007 Len=1000","127.0.0.1"
"641","UDP","1042","30.618977091","127.0.0.1","53291  >  44003 Len=1000","127.0.0.1"
"642","UDP","1042","30.619003016","127.0.0.1","44003  >  53291 Len=1000","127.0.0.1"
"643","UDP","82","31.120545474","127.0.0.1","49535  >  43003 Len=40","127.0.0.1"
"644","UDP","54","31.120593993","127.0.0.1","43003  >  49535 Len=12","127.0.0.1"
"645","UDP","1042","31.120653178","127.0.0.1","35882  >  42003 Len=1000","127.0.0.1"
"646","UDP","1042","31.120705078","127.0.0.1","42003  >  35882 Len=1000","127.0.0.1"
"647","UDP","1042","31.120751728","127.0.0.1","48413  >  44003 Len=1000","127.0.0.1"
"648","UDP","1042","31.120790037","127.0.0.1","44003  >  48413 Len=1000","127.0.0.1"
"649","UDP","82","33.126193596","127.0.0.1","58607  >  43003 Len=40","127.0.0.1"
"650","UDP","54","33.126216056","127.0.0.1","43003  >  58607 Len=12","127.0.0.1"
"651","UDP","1042","33.126254851","127.0.0.1","34516  >  42003 Len=1000","127.0.0.1"
"652","UDP","1042","33.126279444","127.0.0.1","42003  >  34516 Len=1000","127.0.0.1"
"653","UDP","1042","33.126310339","127.0.0.1","50279  >  44003 Len=1000","127.0.0.1"
"654","UDP","1042","33.126331583","127.0.0.1","44003  >  50279 Len=1000","127.0.0.1"
"655","UDP","82","33.126359315","127.0.0.1","47542  >  43003 Len=40","127.0.0.1"
"656","UDP","54","33.126378687","127.0.0.1","43003  >  47542 Len=12","127.0.0.1"
"657","UDP","1042","33.126410567","127.0.0.1","55199  >  42003 Len=1000","127.0.0.1"
"658","UDP","1042","33.126427658","127.0.0.1","42003  >  55199 Len=1000","127.0.0.1"
"659","UDP","1042","33.126448258","127.0.0.1","35621  >  44003 Len=1000","127.0.0.1"
"660","UDP","1042","33.126459292","127.0.0.1","44003  >  35621 Len=1000","127.0.0.1"
"661","UDP","82","33.628183593","127.0.0.1","44071  >  43003 Len=40","127.0.0.1"
"662","UDP","54","33.628253308","127.0.0.1","43003  >  44071 Len=12","127.0.0.1"
"663","UDP","1042","33.628336809","127.0.0.1","36918  >  42003 Len=1000","127.0.0.1"
"664","UDP","1042","33.628402670","127.0.0.1","42003  >  36918 Len=1000","127.0.0.1"
"665","UDP","1042","33.628474228","127.0.0.1","37278  >  44003 Len=1000","127.0.0.1"
"666","UDP","1042","33.628536427","127.0.0.1","44003  >  37278 Len=1000","127.0.0.1"
"667","UDP","82","36.135364002","127.0.0.1","35769  >  43003 Len=40","127.0.0.1"
"668","UDP","54","36.135422831","127.0.0.1","43003  >  35769 Len=12","127.0.0.1"
"669","UDP","1042","36.135490554","127.0.0.1","52790  >  42003 Len=1000","127.0.0.1"
"670","UDP","1042","36.135550966","127.0.0.1","42003  >  52790 Len=1000","127.0.0.1"
"671","UDP","1042","36.135610266","127.0.0.1","41476  >  44003 Len=1000","127.0.0.1"
"672","UDP","1042","36.135665889","127.0.0.1","44003  >  41476 Len=1000","127.0.0.1"
